action	baseline	path	sha256
correction	cdee6bf	corpus/builtins/function-values/case.trace	21309237d62c1ee4fcb9204aa83af892f7f4b7baae2a93a38105bb95550d7a55
correction	cdee6bf	corpus/builtins/object-kind/case.trace	07c4fafaac817cabf944d3ad399c2eb25b6ee33591dd4fffb2c7868163957947
correction	cdee6bf	corpus/capabilities/argument-shapes/case.trace	b5d1808485483fecb5e3c244da03dcecae99783b5f6c0790a3ae846ffc8cb6eb
correction	cdee6bf	corpus/capabilities/effect-begin-failed/case.trace	595a8e7a03c8250f7a7ced96517d7e7aa37cec07c9cf2aa9d2ebd9ca3f1a6849
correction	cdee6bf	corpus/capabilities/effect-operation-error/case.trace	39573a4f7336927debb1de06024fcdccf675ec74e8d27f606caa4525e3133baa
correction	cdee6bf	corpus/capabilities/host-failures/case.trace	0ed07e7ab5e5c7aeecffeda8a13776618138c5412211bc0c9708b34a36b34b0a
correction	cdee6bf	corpus/capabilities/ordinary-grants/case.trace	1de045674e764878c7643a95f667f4622981157259d0eec7446e4ee1e1b20cb3
correction	cdee6bf	corpus/capabilities/revoke-in-flight/case.trace	b26756e032f2175fedec02ef0fa047ddf4940279e54060c35abc3624776346a1
correction	cdee6bf	corpus/capabilities/revoke-reissue/case.trace	8af8f0530ff8650387c9067eb9d8030b3aa8165b5eb32fe8918d3c817a1cc171
correction	cdee6bf	corpus/capabilities/scope-failed-close/case.trace	59b67f836974cd960b4fc2755bbf4cdf8244cdd2c0e7b25017155874fc63ee32
correction	cdee6bf	corpus/capabilities/scope-slots/case.trace	4b6b7595e1f36efc3bb2c482e49c82a392e0bb91d16d187f20a195aea425c2d4
correction	cdee6bf	corpus/capabilities/scope-suspension-boundaries/case.trace	6163331b0152f458429e7a605596774b7aec4418608811e9a0b5d44d11979fbc
correction	cdee6bf	corpus/capabilities/standard-console-timeout/case.trace	8e048533603bcb31a482c000d9a78b069a017717ad2b512006e52eafd1fe155a
correction	cdee6bf	corpus/collecting/partial-error/case.trace	98c0e9839211407751ecb6a68916a2ea7ae596333459b1940e92183c8fdef565
correction	cdee6bf	corpus/computed-sends/bad-names/case.trace	ffbb18325788373c85628ef98011ca086b3b1f87b199667431d25685296d4f97
correction	cdee6bf	corpus/computed-sends/unhandled/case.trace	ce45bd0ff2537b22d702a486df1523c29618c9c70fdb4f12865f3ccebb7c13d6
correction	cdee6bf	corpus/disassembly/errors-and-loops/flow.dis	43c8e7d1f9a28b0c52b86cd43400c27483d422651ac4dd98292296c6adaa3bdd
correction	cdee6bf	corpus/errors/lambda-capture-parity/case.trace	926e8bcbb9d8fb91fb6f2a4f89c393f0c5f95c24e145483b40b288d5557d13ed
correction	cdee6bf	corpus/libraries/caller-capabilities/case.trace	a215adf27be6ed274197050d92256de9c2422fc4bbcec45aeecb44901efb305f
correction	cdee6bf	corpus/libraries/errors/case.trace	65fd340ac707d9241c41ea92ce4f60bd9d987bfa05e5cf952b84afb95a712646
correction	cdee6bf	corpus/limits/mailbox-depth/case.trace	a03a188a076083d742d49c49a3789af5b20489b6893d5ba7ea388164cab79902
correction	cdee6bf	corpus/limits/max-wait-minimum/case.trace	6098745d7b67340a5d6a810f462a385f852a55d70e2bef513fa34c16b2eafa57
correction	cdee6bf	corpus/objects/properties/case.trace	27e1f164d7bdff34f1284df4904354d4196a8bec6a962480f8787dbf51b06097
correction	cdee6bf	corpus/save-restore/preempted-join-keeps-pending-members/case.trace	64ff95e98eed325fc3ae331a255d26fb532df036482098906e7f5378aa1d9cd9
correction	cdee6bf	corpus/save-restore/settle-answer-and-fail/case.trace	b6afa35c246cce32fff089c9c5aaec80715bf5e2cfaf8b8227521b2956e8edb3
correction	cdee6bf	corpus/save-restore/settle-reissue-and-adopt/case.trace	c48335224f222414831bdb2f9f8ce904136fc9b0c5379623da4d84e427b87f50
correction	cdee6bf	corpus/save-restore/unbound-grant-and-unresolved-object/case.trace	871c030a4c5c9a46287a87df571bd16920e14cfd6db851b8286259d9afa25b73
correction	cdee6bf	corpus/save-restore/unsettled-call-is-lost/case.trace	d16a6b4f5c4dcd9375b60da747db9e106967cda18f54af7306d13c6187749ea9
correction	cdee6bf	corpus/stdlib/errors-name-the-call/case.trace	400856498fe423c99d2bf952cde0a45cad774ef468b002a6d5bf9ddaf451db90
correction	cdee6bf	corpus/stdlib/template-migration/case.trace	eec94116fc7ba37eb8b9eec640c82bd656a845d5fc204b4394c9212de8138344
correction	cdee6bf	corpus/suspension/answers/case.trace	ade3b21c1dfca9b7b08432c0bb19aed78007a9425fd15a59e906345480e0921a
correction	cdee6bf	corpus/suspension/capability-resumption/case.trace	efe9b425739981e7337c31ff63d60617c831fd3f22f750a0885c8eac52743620
correction	cdee6bf	corpus/suspension/join-closing-position/case.trace	1b9ab510f34db0be4d79b6745a629276dbfdf2d6ee0df6fc6e746aaa2a2c9285
correction	cdee6bf	corpus/suspension/joins/case.trace	629bf95b4c4fbbbf0974549e2a7e3c618d3e667f316b67dd3f7aff3ba764a488
correction	cdee6bf	corpus/suspension/nested-waits/case.trace	c8c78ab03500c201c2692f9df214379aac8a3dbee6634c0122a4f9914b59f508
correction	cdee6bf	corpus/suspension/script-joins/case.trace	7c31c1c7f175fe8d59b3884c86aca735efd16dad0ec27da6c0521eaf58c8976e
correction	cdee6bf	corpus/suspension/script-sends/case.trace	f44926a25707c9febcf717c4bfab8641caab48177fdb12324d77946b0553559e
correction	cdee6bf	corpus/suspension/send-and-wait/case.trace	493940a6a6532e7a76fa5220b605d274dac90f275d3c43db5a4d80c9b4442bb4
correction	cdee6bf	corpus/suspension/send-reply-preemption/case.trace	ab7bd64a7246734a3edd90b70683779b41c02ff2a6fe31a414d933646b362494
correction	cdee6bf	corpus/text-model/chunk-write-out-of-range/case.trace	7096d2199950eed600d80b2bbf382a7c9d0fae2d532c22137df556b42af6ed0c
correction	cdee6bf	corpus/text-patterns/splice-wrong-kind/case.trace	6a380bb8d917e31cbec07d54606a42a51166b51ce13257f79ff785dc1486ce38
new	(new)	corpus/recovery-offers/action-suspend/case.trace	cd9d74030a18962dbb2d03967f6e0d98c8c7a74b8690e9b96d1b91a59039379e
new	(new)	corpus/recovery-offers/basic/case.trace	844e5e625ea46a5e9a625077853a3655e340277916a687052481fd81940ab337
new	(new)	corpus/recovery-offers/boundaries/case.trace	c541e4336c10a6926380099ef9f4c3c0c5f1cf880cc17bc1163c8b2fac881668
new	(new)	corpus/recovery-offers/cancellation/case.trace	50d957497ca52833b847bb13b4a2960e7f883409ae512506e4929fe3ab5a1460
new	(new)	corpus/recovery-offers/cleanup-restore/case.trace	d8514bb76bb7241fda2ca115c6adafc3fbe298d690a76255497a97a6d4d830bd
new	(new)	corpus/recovery-offers/costs/case.trace	7b5241c3cf18ad5665f5aa288a6d0c6254c9a6786c112c1a2fad37e08e17daa2
new	(new)	corpus/recovery-offers/nested/case.trace	8b8bd733843583d10a57347ebe62fe5af812d219c99962656bbe7c6dc0ce2a8c
new	(new)	corpus/disassembly/recovery-offers/recovery.dis	3b525d369e6f36bc5b73a5b27cf0ca75049835b9d04e7af0d2086bdc92c01ade
correction	c73d919	corpus/capabilities/standard-store-errors/case.trace	55d8e6ea9beae15154cabdccd1446f983b4cce3c85395db65f7d0aca2d9a3d59
